"","variable","value","actual","outcome","sup_email"
"1","Jon Snow","Live","Live","Correct","carol~hen"
"2","Jon Snow","Live","Live","Correct","seanm~"
"3","Jon Snow","Live","Live","Correct","jasmi~derwood"
"4","Jon Snow","Live","Live","Correct","higgi~"
"5","Jon Snow","Live","Live","Correct","miket~psu"
"6","Jon Snow","Live","Live","Correct","tappa~ker7"
"7","Jon Snow","Live","Live","Correct","emily"
"8","Jon Snow","Live","Live","Correct","sheae~  "
"9","Jon Snow","Live","Live","Correct","smyet~"
"10","Jon Snow","Live","Live","Correct","jade.~per"
"11","Jon Snow","Live","Live","Correct","mayro~"
"12","Jon Snow","Live","Live","Correct","barnh~"
"13","Jon Snow","Live","Live","Correct","basta~w"
"14","Jon Snow","Live","Live","Correct","katie~gan619"
"15","Jon Snow","Live","Live","Correct","olivi~27"
"16","Jon Snow","Live","Live","Correct","emma.~los"
"17","Jon Snow","Live","Live","Correct","algal~ "
"18","Jon Snow","Live","Live","Correct","libas~   "
"19","Jon Snow","Live","Live","Correct","alexs~"
"20","Jon Snow","Live","Live","Correct","blibu~ "
"21","Jon Snow","Live","Live","Correct","aamer~er"
"22","Jon Snow","Live","Live","Correct","mikaw~ein"
"23","Jon Snow","Live","Live","Correct","keena"
"24","Jon Snow","Live","Live","Correct","josie~ey1"
"25","Jon Snow","Live","Live","Correct","gandh~thari"
"26","Jon Snow","Live","Live","Correct","paul.~bett"
"27","Jon Snow","Live","Live","Correct","chand~ner"
"28","Jon Snow","Live","Live","Correct","augus~ren"
"29","Jon Snow","Die","Live","Incorrect","brwin~ "
"30","Jon Snow","Live","Live","Correct","tomfl~c"
"31","Jon Snow","Live","Live","Correct","alici~harmon00"
"32","Jon Snow","Live","Live","Correct","lo955~ "
"33","Jon Snow","Live","Live","Correct","alexa~payne7015"
"34","Jon Snow","Die","Live","Incorrect","mahka~  "
"35","Jon Snow","Live","Live","Correct","mjsch~ski"
"36","Jon Snow","Live","Live","Correct","jason~ "
"37","Jon Snow","Live","Live","Correct","jesse~ff"
"38","Jon Snow","Die","Live","Incorrect","emily~ephenson"
"39","Jon Snow","Live","Live","Correct","austi~an"
"40","Jon Snow","Live","Live","Correct","bartj~nharris"
"41","Jon Snow","Live","Live","Correct","bjean~"
"42","Jon Snow","Live","Live","Correct","nmcal~r92"
"43","Jon Snow","Live","Live","Correct","cmack~876"
"44","Jon Snow","Live","Live","Correct","lpp27"
"45","Sansa Stark","Live","Live","Correct","carol~hen"
"46","Sansa Stark","Live","Live","Correct","seanm~"
"47","Sansa Stark","Live","Live","Correct","jasmi~derwood"
"48","Sansa Stark","Live","Live","Correct","higgi~"
"49","Sansa Stark","Live","Live","Correct","miket~psu"
"50","Sansa Stark","Live","Live","Correct","tappa~ker7"
"51","Sansa Stark","Live","Live","Correct","emily"
"52","Sansa Stark","Live","Live","Correct","sheae~  "
"53","Sansa Stark","Live","Live","Correct","smyet~"
"54","Sansa Stark","Live","Live","Correct","jade.~per"
"55","Sansa Stark","Live","Live","Correct","mayro~"
"56","Sansa Stark","Live","Live","Correct","barnh~"
"57","Sansa Stark","Live","Live","Correct","basta~w"
"58","Sansa Stark","Live","Live","Correct","katie~gan619"
"59","Sansa Stark","Live","Live","Correct","olivi~27"
"60","Sansa Stark","Live","Live","Correct","emma.~los"
"61","Sansa Stark","Live","Live","Correct","algal~ "
"62","Sansa Stark","Live","Live","Correct","libas~   "
"63","Sansa Stark","Live","Live","Correct","alexs~"
"64","Sansa Stark","Live","Live","Correct","blibu~ "
"65","Sansa Stark","Live","Live","Correct","aamer~er"
"66","Sansa Stark","Live","Live","Correct","mikaw~ein"
"67","Sansa Stark","Live","Live","Correct","keena"
"68","Sansa Stark","Live","Live","Correct","josie~ey1"
"69","Sansa Stark","Live","Live","Correct","gandh~thari"
"70","Sansa Stark","Live","Live","Correct","paul.~bett"
"71","Sansa Stark","Live","Live","Correct","chand~ner"
"72","Sansa Stark","Live","Live","Correct","augus~ren"
"73","Sansa Stark","Live","Live","Correct","brwin~ "
"74","Sansa Stark","Live","Live","Correct","tomfl~c"
"75","Sansa Stark","Live","Live","Correct","alici~harmon00"
"76","Sansa Stark","Live","Live","Correct","lo955~ "
"77","Sansa Stark","Live","Live","Correct","alexa~payne7015"
"78","Sansa Stark","Live","Live","Correct","mahka~  "
"79","Sansa Stark","Live","Live","Correct","mjsch~ski"
"80","Sansa Stark","Live","Live","Correct","jason~ "
"81","Sansa Stark","Live","Live","Correct","jesse~ff"
"82","Sansa Stark","Live","Live","Correct","emily~ephenson"
"83","Sansa Stark","Live","Live","Correct","austi~an"
"84","Sansa Stark","Live","Live","Correct","bartj~nharris"
"85","Sansa Stark","Live","Live","Correct","bjean~"
"86","Sansa Stark","Live","Live","Correct","nmcal~r92"
"87","Sansa Stark","Live","Live","Correct","cmack~876"
"88","Sansa Stark","Live","Live","Correct","lpp27"
"89","Arya Stark","Live","Live","Correct","carol~hen"
"90","Arya Stark","Live","Live","Correct","seanm~"
"91","Arya Stark","Die","Live","Incorrect","jasmi~derwood"
"92","Arya Stark","Live","Live","Correct","higgi~"
"93","Arya Stark","Live","Live","Correct","miket~psu"
"94","Arya Stark","Live","Live","Correct","tappa~ker7"
"95","Arya Stark","Live","Live","Correct","emily"
"96","Arya Stark","Live","Live","Correct","sheae~  "
"97","Arya Stark","Live","Live","Correct","smyet~"
"98","Arya Stark","Live","Live","Correct","jade.~per"
"99","Arya Stark","Live","Live","Correct","mayro~"
"100","Arya Stark","Live","Live","Correct","barnh~"
"101","Arya Stark","Live","Live","Correct","basta~w"
"102","Arya Stark","Live","Live","Correct","katie~gan619"
"103","Arya Stark","Die","Live","Incorrect","olivi~27"
"104","Arya Stark","Live","Live","Correct","emma.~los"
"105","Arya Stark","Live","Live","Correct","algal~ "
"106","Arya Stark","Live","Live","Correct","libas~   "
"107","Arya Stark","Live","Live","Correct","alexs~"
"108","Arya Stark","Live","Live","Correct","blibu~ "
"109","Arya Stark","Die","Live","Incorrect","aamer~er"
"110","Arya Stark","Live","Live","Correct","mikaw~ein"
"111","Arya Stark","Live","Live","Correct","keena"
"112","Arya Stark","Die","Live","Incorrect","josie~ey1"
"113","Arya Stark","Live","Live","Correct","gandh~thari"
"114","Arya Stark","Live","Live","Correct","paul.~bett"
"115","Arya Stark","Live","Live","Correct","chand~ner"
"116","Arya Stark","Live","Live","Correct","augus~ren"
"117","Arya Stark","Die","Live","Incorrect","brwin~ "
"118","Arya Stark","Live","Live","Correct","tomfl~c"
"119","Arya Stark","Live","Live","Correct","alici~harmon00"
"120","Arya Stark","Live","Live","Correct","lo955~ "
"121","Arya Stark","Live","Live","Correct","alexa~payne7015"
"122","Arya Stark","Live","Live","Correct","mahka~  "
"123","Arya Stark","Live","Live","Correct","mjsch~ski"
"124","Arya Stark","Live","Live","Correct","jason~ "
"125","Arya Stark","Live","Live","Correct","jesse~ff"
"126","Arya Stark","Live","Live","Correct","emily~ephenson"
"127","Arya Stark","Live","Live","Correct","austi~an"
"128","Arya Stark","Live","Live","Correct","bartj~nharris"
"129","Arya Stark","Live","Live","Correct","bjean~"
"130","Arya Stark","Live","Live","Correct","nmcal~r92"
"131","Arya Stark","Live","Live","Correct","cmack~876"
"132","Arya Stark","Live","Live","Correct","lpp27"
"133","Dany Targaryen","Live","Live","Correct","carol~hen"
"134","Dany Targaryen","Live","Live","Correct","seanm~"
"135","Dany Targaryen","Die","Live","Incorrect","jasmi~derwood"
"136","Dany Targaryen","Live","Live","Correct","higgi~"
"137","Dany Targaryen","Live","Live","Correct","miket~psu"
"138","Dany Targaryen","Live","Live","Correct","tappa~ker7"
"139","Dany Targaryen","Die","Live","Incorrect","emily"
"140","Dany Targaryen","Live","Live","Correct","sheae~  "
"141","Dany Targaryen","Live","Live","Correct","smyet~"
"142","Dany Targaryen","Die","Live","Incorrect","jade.~per"
"143","Dany Targaryen","Live","Live","Correct","mayro~"
"144","Dany Targaryen","Live","Live","Correct","barnh~"
"145","Dany Targaryen","Die","Live","Incorrect","basta~w"
"146","Dany Targaryen","Live","Live","Correct","katie~gan619"
"147","Dany Targaryen","Die","Live","Incorrect","olivi~27"
"148","Dany Targaryen","Live","Live","Correct","emma.~los"
"149","Dany Targaryen","Live","Live","Correct","algal~ "
"150","Dany Targaryen","Live","Live","Correct","libas~   "
"151","Dany Targaryen","Live","Live","Correct","alexs~"
"152","Dany Targaryen","Live","Live","Correct","blibu~ "
"153","Dany Targaryen","Live","Live","Correct","aamer~er"
"154","Dany Targaryen","Live","Live","Correct","mikaw~ein"
"155","Dany Targaryen","Live","Live","Correct","keena"
"156","Dany Targaryen","Die","Live","Incorrect","josie~ey1"
"157","Dany Targaryen","Live","Live","Correct","gandh~thari"
"158","Dany Targaryen","Live","Live","Correct","paul.~bett"
"159","Dany Targaryen","Live","Live","Correct","chand~ner"
"160","Dany Targaryen","Live","Live","Correct","augus~ren"
"161","Dany Targaryen","Die","Live","Incorrect","brwin~ "
"162","Dany Targaryen","Die","Live","Incorrect","tomfl~c"
"163","Dany Targaryen","Live","Live","Correct","alici~harmon00"
"164","Dany Targaryen","Live","Live","Correct","lo955~ "
"165","Dany Targaryen","Die","Live","Incorrect","alexa~payne7015"
"166","Dany Targaryen","Live","Live","Correct","mahka~  "
"167","Dany Targaryen","Live","Live","Correct","mjsch~ski"
"168","Dany Targaryen","Die","Live","Incorrect","jason~ "
"169","Dany Targaryen","Live","Live","Correct","jesse~ff"
"170","Dany Targaryen","Live","Live","Correct","emily~ephenson"
"171","Dany Targaryen","Live","Live","Correct","austi~an"
"172","Dany Targaryen","Die","Live","Incorrect","bartj~nharris"
"173","Dany Targaryen","Live","Live","Correct","bjean~"
"174","Dany Targaryen","Die","Live","Incorrect","nmcal~r92"
"175","Dany Targaryen","Live","Live","Correct","cmack~876"
"176","Dany Targaryen","Live","Live","Correct","lpp27"
"177","Tyrion Lannister","Die","Live","Incorrect","carol~hen"
"178","Tyrion Lannister","Live","Live","Correct","seanm~"
"179","Tyrion Lannister","Die","Live","Incorrect","jasmi~derwood"
"180","Tyrion Lannister","Die","Live","Incorrect","higgi~"
"181","Tyrion Lannister","Live","Live","Correct","miket~psu"
"182","Tyrion Lannister","Live","Live","Correct","tappa~ker7"
"183","Tyrion Lannister","Live","Live","Correct","emily"
"184","Tyrion Lannister","Live","Live","Correct","sheae~  "
"185","Tyrion Lannister","Live","Live","Correct","smyet~"
"186","Tyrion Lannister","Live","Live","Correct","jade.~per"
"187","Tyrion Lannister","Live","Live","Correct","mayro~"
"188","Tyrion Lannister","Live","Live","Correct","barnh~"
"189","Tyrion Lannister","Live","Live","Correct","basta~w"
"190","Tyrion Lannister","Live","Live","Correct","katie~gan619"
"191","Tyrion Lannister","Live","Live","Correct","olivi~27"
"192","Tyrion Lannister","Live","Live","Correct","emma.~los"
"193","Tyrion Lannister","Live","Live","Correct","algal~ "
"194","Tyrion Lannister","Live","Live","Correct","libas~   "
"195","Tyrion Lannister","Die","Live","Incorrect","alexs~"
"196","Tyrion Lannister","Live","Live","Correct","blibu~ "
"197","Tyrion Lannister","Live","Live","Correct","aamer~er"
"198","Tyrion Lannister","Live","Live","Correct","mikaw~ein"
"199","Tyrion Lannister","Live","Live","Correct","keena"
"200","Tyrion Lannister","Live","Live","Correct","josie~ey1"
"201","Tyrion Lannister","Live","Live","Correct","gandh~thari"
"202","Tyrion Lannister","Live","Live","Correct","paul.~bett"
"203","Tyrion Lannister","Live","Live","Correct","chand~ner"
"204","Tyrion Lannister","Live","Live","Correct","augus~ren"
"205","Tyrion Lannister","Live","Live","Correct","brwin~ "
"206","Tyrion Lannister","Die","Live","Incorrect","tomfl~c"
"207","Tyrion Lannister","Live","Live","Correct","alici~harmon00"
"208","Tyrion Lannister","Live","Live","Correct","lo955~ "
"209","Tyrion Lannister","Live","Live","Correct","alexa~payne7015"
"210","Tyrion Lannister","Live","Live","Correct","mahka~  "
"211","Tyrion Lannister","Live","Live","Correct","mjsch~ski"
"212","Tyrion Lannister","Live","Live","Correct","jason~ "
"213","Tyrion Lannister","Live","Live","Correct","jesse~ff"
"214","Tyrion Lannister","Live","Live","Correct","emily~ephenson"
"215","Tyrion Lannister","Live","Live","Correct","austi~an"
"216","Tyrion Lannister","Live","Live","Correct","bartj~nharris"
"217","Tyrion Lannister","Live","Live","Correct","bjean~"
"218","Tyrion Lannister","Live","Live","Correct","nmcal~r92"
"219","Tyrion Lannister","Live","Live","Correct","cmack~876"
"220","Tyrion Lannister","Live","Live","Correct","lpp27"
"221","Jamie Lannister","Die","Die","Correct","carol~hen"
"222","Jamie Lannister","Die","Die","Correct","seanm~"
"223","Jamie Lannister","Die","Die","Correct","jasmi~derwood"
"224","Jamie Lannister","Die","Die","Correct","higgi~"
"225","Jamie Lannister","Die","Die","Correct","miket~psu"
"226","Jamie Lannister","Live","Die","Incorrect","tappa~ker7"
"227","Jamie Lannister","Die","Die","Correct","emily"
"228","Jamie Lannister","Die","Die","Correct","sheae~  "
"229","Jamie Lannister","Die","Die","Correct","smyet~"
"230","Jamie Lannister","Die","Die","Correct","jade.~per"
"231","Jamie Lannister","Live","Die","Incorrect","mayro~"
"232","Jamie Lannister","Die","Die","Correct","barnh~"
"233","Jamie Lannister","Die","Die","Correct","basta~w"
"234","Jamie Lannister","Die","Die","Correct","katie~gan619"
"235","Jamie Lannister","Die","Die","Correct","olivi~27"
"236","Jamie Lannister","Die","Die","Correct","emma.~los"
"237","Jamie Lannister","Die","Die","Correct","algal~ "
"238","Jamie Lannister","Live","Die","Incorrect","libas~   "
"239","Jamie Lannister","Die","Die","Correct","alexs~"
"240","Jamie Lannister","Live","Die","Incorrect","blibu~ "
"241","Jamie Lannister","Die","Die","Correct","aamer~er"
"242","Jamie Lannister","Die","Die","Correct","mikaw~ein"
"243","Jamie Lannister","Die","Die","Correct","keena"
"244","Jamie Lannister","Die","Die","Correct","josie~ey1"
"245","Jamie Lannister","Live","Die","Incorrect","gandh~thari"
"246","Jamie Lannister","Die","Die","Correct","paul.~bett"
"247","Jamie Lannister","Die","Die","Correct","chand~ner"
"248","Jamie Lannister","Die","Die","Correct","augus~ren"
"249","Jamie Lannister","Die","Die","Correct","brwin~ "
"250","Jamie Lannister","Die","Die","Correct","tomfl~c"
"251","Jamie Lannister","Die","Die","Correct","alici~harmon00"
"252","Jamie Lannister","Die","Die","Correct","lo955~ "
"253","Jamie Lannister","Live","Die","Incorrect","alexa~payne7015"
"254","Jamie Lannister","Die","Die","Correct","mahka~  "
"255","Jamie Lannister","Die","Die","Correct","mjsch~ski"
"256","Jamie Lannister","Die","Die","Correct","jason~ "
"257","Jamie Lannister","Live","Die","Incorrect","jesse~ff"
"258","Jamie Lannister","Die","Die","Correct","emily~ephenson"
"259","Jamie Lannister","Die","Die","Correct","austi~an"
"260","Jamie Lannister","Live","Die","Incorrect","bartj~nharris"
"261","Jamie Lannister","Die","Die","Correct","bjean~"
"262","Jamie Lannister","Die","Die","Correct","nmcal~r92"
"263","Jamie Lannister","Live","Die","Incorrect","cmack~876"
"264","Jamie Lannister","Die","Die","Correct","lpp27"
"265","Bran Stark","Live","Live","Correct","carol~hen"
"266","Bran Stark","Live","Live","Correct","seanm~"
"267","Bran Stark","Live","Live","Correct","jasmi~derwood"
"268","Bran Stark","Live","Live","Correct","higgi~"
"269","Bran Stark","Live","Live","Correct","miket~psu"
"270","Bran Stark","Live","Live","Correct","tappa~ker7"
"271","Bran Stark","Live","Live","Correct","emily"
"272","Bran Stark","Live","Live","Correct","sheae~  "
"273","Bran Stark","Live","Live","Correct","smyet~"
"274","Bran Stark","Live","Live","Correct","jade.~per"
"275","Bran Stark","Live","Live","Correct","mayro~"
"276","Bran Stark","Live","Live","Correct","barnh~"
"277","Bran Stark","Live","Live","Correct","basta~w"
"278","Bran Stark","Live","Live","Correct","katie~gan619"
"279","Bran Stark","Live","Live","Correct","olivi~27"
"280","Bran Stark","Live","Live","Correct","emma.~los"
"281","Bran Stark","Live","Live","Correct","algal~ "
"282","Bran Stark","Live","Live","Correct","libas~   "
"283","Bran Stark","Live","Live","Correct","alexs~"
"284","Bran Stark","Live","Live","Correct","blibu~ "
"285","Bran Stark","Live","Live","Correct","aamer~er"
"286","Bran Stark","Live","Live","Correct","mikaw~ein"
"287","Bran Stark","Live","Live","Correct","keena"
"288","Bran Stark","Live","Live","Correct","josie~ey1"
"289","Bran Stark","Live","Live","Correct","gandh~thari"
"290","Bran Stark","Live","Live","Correct","paul.~bett"
"291","Bran Stark","Live","Live","Correct","chand~ner"
"292","Bran Stark","Live","Live","Correct","augus~ren"
"293","Bran Stark","Live","Live","Correct","brwin~ "
"294","Bran Stark","Live","Live","Correct","tomfl~c"
"295","Bran Stark","Live","Live","Correct","alici~harmon00"
"296","Bran Stark","Live","Live","Correct","lo955~ "
"297","Bran Stark","Live","Live","Correct","alexa~payne7015"
"298","Bran Stark","Live","Live","Correct","mahka~  "
"299","Bran Stark","Live","Live","Correct","mjsch~ski"
"300","Bran Stark","Live","Live","Correct","jason~ "
"301","Bran Stark","Live","Live","Correct","jesse~ff"
"302","Bran Stark","Live","Live","Correct","emily~ephenson"
"303","Bran Stark","Live","Live","Correct","austi~an"
"304","Bran Stark","Live","Live","Correct","bartj~nharris"
"305","Bran Stark","Live","Live","Correct","bjean~"
"306","Bran Stark","Die","Live","Incorrect","nmcal~r92"
"307","Bran Stark","Live","Live","Correct","cmack~876"
"308","Bran Stark","Live","Live","Correct","lpp27"
"309","Ser Brienne of Tarth","Live","Live","Correct","carol~hen"
"310","Ser Brienne of Tarth","Live","Live","Correct","seanm~"
"311","Ser Brienne of Tarth","Live","Live","Correct","jasmi~derwood"
"312","Ser Brienne of Tarth","Die","Live","Incorrect","higgi~"
"313","Ser Brienne of Tarth","Live","Live","Correct","miket~psu"
"314","Ser Brienne of Tarth","Live","Live","Correct","tappa~ker7"
"315","Ser Brienne of Tarth","Live","Live","Correct","emily"
"316","Ser Brienne of Tarth","Live","Live","Correct","sheae~  "
"317","Ser Brienne of Tarth","Live","Live","Correct","smyet~"
"318","Ser Brienne of Tarth","Live","Live","Correct","jade.~per"
"319","Ser Brienne of Tarth","Live","Live","Correct","mayro~"
"320","Ser Brienne of Tarth","Live","Live","Correct","barnh~"
"321","Ser Brienne of Tarth","Live","Live","Correct","basta~w"
"322","Ser Brienne of Tarth","Live","Live","Correct","katie~gan619"
"323","Ser Brienne of Tarth","Live","Live","Correct","olivi~27"
"324","Ser Brienne of Tarth","Live","Live","Correct","emma.~los"
"325","Ser Brienne of Tarth","Die","Live","Incorrect","algal~ "
"326","Ser Brienne of Tarth","Live","Live","Correct","libas~   "
"327","Ser Brienne of Tarth","Live","Live","Correct","alexs~"
"328","Ser Brienne of Tarth","Live","Live","Correct","blibu~ "
"329","Ser Brienne of Tarth","Die","Live","Incorrect","aamer~er"
"330","Ser Brienne of Tarth","Live","Live","Correct","mikaw~ein"
"331","Ser Brienne of Tarth","Live","Live","Correct","keena"
"332","Ser Brienne of Tarth","Live","Live","Correct","josie~ey1"
"333","Ser Brienne of Tarth","Live","Live","Correct","gandh~thari"
"334","Ser Brienne of Tarth","Die","Live","Incorrect","paul.~bett"
"335","Ser Brienne of Tarth","Die","Live","Incorrect","chand~ner"
"336","Ser Brienne of Tarth","Live","Live","Correct","augus~ren"
"337","Ser Brienne of Tarth","Die","Live","Incorrect","brwin~ "
"338","Ser Brienne of Tarth","Live","Live","Correct","tomfl~c"
"339","Ser Brienne of Tarth","Live","Live","Correct","alici~harmon00"
"340","Ser Brienne of Tarth","Live","Live","Correct","lo955~ "
"341","Ser Brienne of Tarth","Live","Live","Correct","alexa~payne7015"
"342","Ser Brienne of Tarth","Live","Live","Correct","mahka~  "
"343","Ser Brienne of Tarth","Live","Live","Correct","mjsch~ski"
"344","Ser Brienne of Tarth","Live","Live","Correct","jason~ "
"345","Ser Brienne of Tarth","Live","Live","Correct","jesse~ff"
"346","Ser Brienne of Tarth","Live","Live","Correct","emily~ephenson"
"347","Ser Brienne of Tarth","Live","Live","Correct","austi~an"
"348","Ser Brienne of Tarth","Live","Live","Correct","bartj~nharris"
"349","Ser Brienne of Tarth","Live","Live","Correct","bjean~"
"350","Ser Brienne of Tarth","Die","Live","Incorrect","nmcal~r92"
"351","Ser Brienne of Tarth","Live","Live","Correct","cmack~876"
"352","Ser Brienne of Tarth","Live","Live","Correct","lpp27"
"353","Podrick Payne","Die","Live","Incorrect","carol~hen"
"354","Podrick Payne","Live","Live","Correct","seanm~"
"355","Podrick Payne","Live","Live","Correct","jasmi~derwood"
"356","Podrick Payne","Die","Live","Incorrect","higgi~"
"357","Podrick Payne","Live","Live","Correct","miket~psu"
"358","Podrick Payne","Live","Live","Correct","tappa~ker7"
"359","Podrick Payne","Live","Live","Correct","emily"
"360","Podrick Payne","Live","Live","Correct","sheae~  "
"361","Podrick Payne","Die","Live","Incorrect","smyet~"
"362","Podrick Payne","Live","Live","Correct","jade.~per"
"363","Podrick Payne","Live","Live","Correct","mayro~"
"364","Podrick Payne","Die","Live","Incorrect","barnh~"
"365","Podrick Payne","Die","Live","Incorrect","basta~w"
"366","Podrick Payne","Live","Live","Correct","katie~gan619"
"367","Podrick Payne","Live","Live","Correct","olivi~27"
"368","Podrick Payne","Live","Live","Correct","emma.~los"
"369","Podrick Payne","Live","Live","Correct","algal~ "
"370","Podrick Payne","Live","Live","Correct","libas~   "
"371","Podrick Payne","Die","Live","Incorrect","alexs~"
"372","Podrick Payne","Live","Live","Correct","blibu~ "
"373","Podrick Payne","Die","Live","Incorrect","aamer~er"
"374","Podrick Payne","Live","Live","Correct","mikaw~ein"
"375","Podrick Payne","Live","Live","Correct","keena"
"376","Podrick Payne","Live","Live","Correct","josie~ey1"
"377","Podrick Payne","Live","Live","Correct","gandh~thari"
"378","Podrick Payne","Die","Live","Incorrect","paul.~bett"
"379","Podrick Payne","Live","Live","Correct","chand~ner"
"380","Podrick Payne","Die","Live","Incorrect","augus~ren"
"381","Podrick Payne","Die","Live","Incorrect","brwin~ "
"382","Podrick Payne","Live","Live","Correct","tomfl~c"
"383","Podrick Payne","Die","Live","Incorrect","alici~harmon00"
"384","Podrick Payne","Die","Live","Incorrect","lo955~ "
"385","Podrick Payne","Live","Live","Correct","alexa~payne7015"
"386","Podrick Payne","Live","Live","Correct","mahka~  "
"387","Podrick Payne","Die","Live","Incorrect","mjsch~ski"
"388","Podrick Payne","Die","Live","Incorrect","jason~ "
"389","Podrick Payne","Live","Live","Correct","jesse~ff"
"390","Podrick Payne","Die","Live","Incorrect","emily~ephenson"
"391","Podrick Payne","Live","Live","Correct","austi~an"
"392","Podrick Payne","Live","Live","Correct","bartj~nharris"
"393","Podrick Payne","Live","Live","Correct","bjean~"
"394","Podrick Payne","Die","Live","Incorrect","nmcal~r92"
"395","Podrick Payne","Live","Live","Correct","cmack~876"
"396","Podrick Payne","Live","Live","Correct","lpp27"
"397","Tormund Giantsbane","Live","Live","Correct","carol~hen"
"398","Tormund Giantsbane","Live","Live","Correct","seanm~"
"399","Tormund Giantsbane","Live","Live","Correct","jasmi~derwood"
"400","Tormund Giantsbane","Live","Live","Correct","higgi~"
"401","Tormund Giantsbane","Live","Live","Correct","miket~psu"
"402","Tormund Giantsbane","Live","Live","Correct","tappa~ker7"
"403","Tormund Giantsbane","Live","Live","Correct","emily"
"404","Tormund Giantsbane","Live","Live","Correct","sheae~  "
"405","Tormund Giantsbane","Live","Live","Correct","smyet~"
"406","Tormund Giantsbane","Live","Live","Correct","jade.~per"
"407","Tormund Giantsbane","Live","Live","Correct","mayro~"
"408","Tormund Giantsbane","Live","Live","Correct","barnh~"
"409","Tormund Giantsbane","Live","Live","Correct","basta~w"
"410","Tormund Giantsbane","Live","Live","Correct","katie~gan619"
"411","Tormund Giantsbane","Live","Live","Correct","olivi~27"
"412","Tormund Giantsbane","Live","Live","Correct","emma.~los"
"413","Tormund Giantsbane","Live","Live","Correct","algal~ "
"414","Tormund Giantsbane","Live","Live","Correct","libas~   "
"415","Tormund Giantsbane","Live","Live","Correct","alexs~"
"416","Tormund Giantsbane","Live","Live","Correct","blibu~ "
"417","Tormund Giantsbane","Live","Live","Correct","aamer~er"
"418","Tormund Giantsbane","Live","Live","Correct","mikaw~ein"
"419","Tormund Giantsbane","Live","Live","Correct","keena"
"420","Tormund Giantsbane","Live","Live","Correct","josie~ey1"
"421","Tormund Giantsbane","Die","Live","Incorrect","gandh~thari"
"422","Tormund Giantsbane","Live","Live","Correct","paul.~bett"
"423","Tormund Giantsbane","Live","Live","Correct","chand~ner"
"424","Tormund Giantsbane","Live","Live","Correct","augus~ren"
"425","Tormund Giantsbane","Live","Live","Correct","brwin~ "
"426","Tormund Giantsbane","Live","Live","Correct","tomfl~c"
"427","Tormund Giantsbane","Live","Live","Correct","alici~harmon00"
"428","Tormund Giantsbane","Live","Live","Correct","lo955~ "
"429","Tormund Giantsbane","Live","Live","Correct","alexa~payne7015"
"430","Tormund Giantsbane","Live","Live","Correct","mahka~  "
"431","Tormund Giantsbane","Live","Live","Correct","mjsch~ski"
"432","Tormund Giantsbane","Live","Live","Correct","jason~ "
"433","Tormund Giantsbane","Live","Live","Correct","jesse~ff"
"434","Tormund Giantsbane","Live","Live","Correct","emily~ephenson"
"435","Tormund Giantsbane","Live","Live","Correct","austi~an"
"436","Tormund Giantsbane","Live","Live","Correct","bartj~nharris"
"437","Tormund Giantsbane","Die","Live","Incorrect","bjean~"
"438","Tormund Giantsbane","Die","Live","Incorrect","nmcal~r92"
"439","Tormund Giantsbane","Live","Live","Correct","cmack~876"
"440","Tormund Giantsbane","Live","Live","Correct","lpp27"
"441","Davos Seaworth","Live","Live","Correct","carol~hen"
"442","Davos Seaworth","Live","Live","Correct","seanm~"
"443","Davos Seaworth","Live","Live","Correct","jasmi~derwood"
"444","Davos Seaworth","Die","Live","Incorrect","higgi~"
"445","Davos Seaworth","Die","Live","Incorrect","miket~psu"
"446","Davos Seaworth","Live","Live","Correct","tappa~ker7"
"447","Davos Seaworth","Live","Live","Correct","emily"
"448","Davos Seaworth","Live","Live","Correct","sheae~  "
"449","Davos Seaworth","Live","Live","Correct","smyet~"
"450","Davos Seaworth","Live","Live","Correct","jade.~per"
"451","Davos Seaworth","Live","Live","Correct","mayro~"
"452","Davos Seaworth","Die","Live","Incorrect","barnh~"
"453","Davos Seaworth","Live","Live","Correct","basta~w"
"454","Davos Seaworth","Live","Live","Correct","katie~gan619"
"455","Davos Seaworth","Live","Live","Correct","olivi~27"
"456","Davos Seaworth","Live","Live","Correct","emma.~los"
"457","Davos Seaworth","Live","Live","Correct","algal~ "
"458","Davos Seaworth","Die","Live","Incorrect","libas~   "
"459","Davos Seaworth","Die","Live","Incorrect","alexs~"
"460","Davos Seaworth","Live","Live","Correct","blibu~ "
"461","Davos Seaworth","Live","Live","Correct","aamer~er"
"462","Davos Seaworth","Live","Live","Correct","mikaw~ein"
"463","Davos Seaworth","Live","Live","Correct","keena"
"464","Davos Seaworth","Live","Live","Correct","josie~ey1"
"465","Davos Seaworth","Die","Live","Incorrect","gandh~thari"
"466","Davos Seaworth","Die","Live","Incorrect","paul.~bett"
"467","Davos Seaworth","Live","Live","Correct","chand~ner"
"468","Davos Seaworth","Live","Live","Correct","augus~ren"
"469","Davos Seaworth","Die","Live","Incorrect","brwin~ "
"470","Davos Seaworth","Live","Live","Correct","tomfl~c"
"471","Davos Seaworth","Live","Live","Correct","alici~harmon00"
"472","Davos Seaworth","Live","Live","Correct","lo955~ "
"473","Davos Seaworth","Live","Live","Correct","alexa~payne7015"
"474","Davos Seaworth","Live","Live","Correct","mahka~  "
"475","Davos Seaworth","Live","Live","Correct","mjsch~ski"
"476","Davos Seaworth","Die","Live","Incorrect","jason~ "
"477","Davos Seaworth","Die","Live","Incorrect","jesse~ff"
"478","Davos Seaworth","Live","Live","Correct","emily~ephenson"
"479","Davos Seaworth","Live","Live","Correct","austi~an"
"480","Davos Seaworth","Die","Live","Incorrect","bartj~nharris"
"481","Davos Seaworth","Live","Live","Correct","bjean~"
"482","Davos Seaworth","Die","Live","Incorrect","nmcal~r92"
"483","Davos Seaworth","Live","Live","Correct","cmack~876"
"484","Davos Seaworth","Die","Live","Incorrect","lpp27"
"485","Greyworm","Die","Live","Incorrect","carol~hen"
"486","Greyworm","Die","Live","Incorrect","seanm~"
"487","Greyworm","Live","Live","Correct","jasmi~derwood"
"488","Greyworm","Die","Live","Incorrect","higgi~"
"489","Greyworm","Die","Live","Incorrect","miket~psu"
"490","Greyworm","Die","Live","Incorrect","tappa~ker7"
"491","Greyworm","Die","Live","Incorrect","emily"
"492","Greyworm","Die","Live","Incorrect","sheae~  "
"493","Greyworm","Die","Live","Incorrect","smyet~"
"494","Greyworm","Die","Live","Incorrect","jade.~per"
"495","Greyworm","Die","Live","Incorrect","mayro~"
"496","Greyworm","Die","Live","Incorrect","barnh~"
"497","Greyworm","Live","Live","Correct","basta~w"
"498","Greyworm","Die","Live","Incorrect","katie~gan619"
"499","Greyworm","Die","Live","Incorrect","olivi~27"
"500","Greyworm","Die","Live","Incorrect","emma.~los"
"501","Greyworm","Die","Live","Incorrect","algal~ "
"502","Greyworm","Die","Live","Incorrect","libas~   "
"503","Greyworm","Live","Live","Correct","alexs~"
"504","Greyworm","Live","Live","Correct","blibu~ "
"505","Greyworm","Die","Live","Incorrect","aamer~er"
"506","Greyworm","Die","Live","Incorrect","mikaw~ein"
"507","Greyworm","Live","Live","Correct","keena"
"508","Greyworm","Die","Live","Incorrect","josie~ey1"
"509","Greyworm","Die","Live","Incorrect","gandh~thari"
"510","Greyworm","Die","Live","Incorrect","paul.~bett"
"511","Greyworm","Die","Live","Incorrect","chand~ner"
"512","Greyworm","Live","Live","Correct","augus~ren"
"513","Greyworm","Die","Live","Incorrect","brwin~ "
"514","Greyworm","Die","Live","Incorrect","tomfl~c"
"515","Greyworm","Die","Live","Incorrect","alici~harmon00"
"516","Greyworm","Die","Live","Incorrect","lo955~ "
"517","Greyworm","Die","Live","Incorrect","alexa~payne7015"
"518","Greyworm","Live","Live","Correct","mahka~  "
"519","Greyworm","Die","Live","Incorrect","mjsch~ski"
"520","Greyworm","Die","Live","Incorrect","jason~ "
"521","Greyworm","Die","Live","Incorrect","jesse~ff"
"522","Greyworm","Live","Live","Correct","emily~ephenson"
"523","Greyworm","Die","Live","Incorrect","austi~an"
"524","Greyworm","Die","Live","Incorrect","bartj~nharris"
"525","Greyworm","Die","Live","Incorrect","bjean~"
"526","Greyworm","Live","Live","Correct","nmcal~r92"
"527","Greyworm","Live","Live","Correct","cmack~876"
"528","Greyworm","Die","Live","Incorrect","lpp27"
"529","Sam Tarly","Live","Live","Correct","carol~hen"
"530","Sam Tarly","Live","Live","Correct","seanm~"
"531","Sam Tarly","Live","Live","Correct","jasmi~derwood"
"532","Sam Tarly","Live","Live","Correct","higgi~"
"533","Sam Tarly","Live","Live","Correct","miket~psu"
"534","Sam Tarly","Live","Live","Correct","tappa~ker7"
"535","Sam Tarly","Live","Live","Correct","emily"
"536","Sam Tarly","Live","Live","Correct","sheae~  "
"537","Sam Tarly","Live","Live","Correct","smyet~"
"538","Sam Tarly","Live","Live","Correct","jade.~per"
"539","Sam Tarly","Live","Live","Correct","mayro~"
"540","Sam Tarly","Live","Live","Correct","barnh~"
"541","Sam Tarly","Live","Live","Correct","basta~w"
"542","Sam Tarly","Live","Live","Correct","katie~gan619"
"543","Sam Tarly","Live","Live","Correct","olivi~27"
"544","Sam Tarly","Live","Live","Correct","emma.~los"
"545","Sam Tarly","Live","Live","Correct","algal~ "
"546","Sam Tarly","Live","Live","Correct","libas~   "
"547","Sam Tarly","Live","Live","Correct","alexs~"
"548","Sam Tarly","Live","Live","Correct","blibu~ "
"549","Sam Tarly","Live","Live","Correct","aamer~er"
"550","Sam Tarly","Live","Live","Correct","mikaw~ein"
"551","Sam Tarly","Live","Live","Correct","keena"
"552","Sam Tarly","Live","Live","Correct","josie~ey1"
"553","Sam Tarly","Live","Live","Correct","gandh~thari"
"554","Sam Tarly","Live","Live","Correct","paul.~bett"
"555","Sam Tarly","Live","Live","Correct","chand~ner"
"556","Sam Tarly","Live","Live","Correct","augus~ren"
"557","Sam Tarly","Live","Live","Correct","brwin~ "
"558","Sam Tarly","Live","Live","Correct","tomfl~c"
"559","Sam Tarly","Live","Live","Correct","alici~harmon00"
"560","Sam Tarly","Live","Live","Correct","lo955~ "
"561","Sam Tarly","Live","Live","Correct","alexa~payne7015"
"562","Sam Tarly","Live","Live","Correct","mahka~  "
"563","Sam Tarly","Live","Live","Correct","mjsch~ski"
"564","Sam Tarly","Live","Live","Correct","jason~ "
"565","Sam Tarly","Live","Live","Correct","jesse~ff"
"566","Sam Tarly","Live","Live","Correct","emily~ephenson"
"567","Sam Tarly","Live","Live","Correct","austi~an"
"568","Sam Tarly","Live","Live","Correct","bartj~nharris"
"569","Sam Tarly","Die","Live","Incorrect","bjean~"
"570","Sam Tarly","Live","Live","Correct","nmcal~r92"
"571","Sam Tarly","Live","Live","Correct","cmack~876"
"572","Sam Tarly","Live","Live","Correct","lpp27"
"573","Gilly","Live","Live","Correct","carol~hen"
"574","Gilly","Live","Live","Correct","seanm~"
"575","Gilly","Live","Live","Correct","jasmi~derwood"
"576","Gilly","Live","Live","Correct","higgi~"
"577","Gilly","Live","Live","Correct","miket~psu"
"578","Gilly","Live","Live","Correct","tappa~ker7"
"579","Gilly","Live","Live","Correct","emily"
"580","Gilly","Live","Live","Correct","sheae~  "
"581","Gilly","Live","Live","Correct","smyet~"
"582","Gilly","Live","Live","Correct","jade.~per"
"583","Gilly","Live","Live","Correct","mayro~"
"584","Gilly","Live","Live","Correct","barnh~"
"585","Gilly","Live","Live","Correct","basta~w"
"586","Gilly","Live","Live","Correct","katie~gan619"
"587","Gilly","Live","Live","Correct","olivi~27"
"588","Gilly","Live","Live","Correct","emma.~los"
"589","Gilly","Live","Live","Correct","algal~ "
"590","Gilly","Live","Live","Correct","libas~   "
"591","Gilly","Live","Live","Correct","alexs~"
"592","Gilly","Live","Live","Correct","blibu~ "
"593","Gilly","Live","Live","Correct","aamer~er"
"594","Gilly","Live","Live","Correct","mikaw~ein"
"595","Gilly","Live","Live","Correct","keena"
"596","Gilly","Live","Live","Correct","josie~ey1"
"597","Gilly","Live","Live","Correct","gandh~thari"
"598","Gilly","Live","Live","Correct","paul.~bett"
"599","Gilly","Live","Live","Correct","chand~ner"
"600","Gilly","Live","Live","Correct","augus~ren"
"601","Gilly","Die","Live","Incorrect","brwin~ "
"602","Gilly","Live","Live","Correct","tomfl~c"
"603","Gilly","Live","Live","Correct","alici~harmon00"
"604","Gilly","Live","Live","Correct","lo955~ "
"605","Gilly","Live","Live","Correct","alexa~payne7015"
"606","Gilly","Live","Live","Correct","mahka~  "
"607","Gilly","Live","Live","Correct","mjsch~ski"
"608","Gilly","Live","Live","Correct","jason~ "
"609","Gilly","Live","Live","Correct","jesse~ff"
"610","Gilly","Live","Live","Correct","emily~ephenson"
"611","Gilly","Live","Live","Correct","austi~an"
"612","Gilly","Live","Live","Correct","bartj~nharris"
"613","Gilly","Die","Live","Incorrect","bjean~"
"614","Gilly","Live","Live","Correct","nmcal~r92"
"615","Gilly","Live","Live","Correct","cmack~876"
"616","Gilly","Live","Live","Correct","lpp27"
"617","Sandor Clegane -- The Hound","Die","Die","Correct","carol~hen"
"618","Sandor Clegane -- The Hound","Die","Die","Correct","seanm~"
"619","Sandor Clegane -- The Hound","Die","Die","Correct","jasmi~derwood"
"620","Sandor Clegane -- The Hound","Live","Die","Incorrect","higgi~"
"621","Sandor Clegane -- The Hound","Die","Die","Correct","miket~psu"
"622","Sandor Clegane -- The Hound","Die","Die","Correct","tappa~ker7"
"623","Sandor Clegane -- The Hound","Live","Die","Incorrect","emily"
"624","Sandor Clegane -- The Hound","Live","Die","Incorrect","sheae~  "
"625","Sandor Clegane -- The Hound","Die","Die","Correct","smyet~"
"626","Sandor Clegane -- The Hound","Die","Die","Correct","jade.~per"
"627","Sandor Clegane -- The Hound","Live","Die","Incorrect","mayro~"
"628","Sandor Clegane -- The Hound","Die","Die","Correct","barnh~"
"629","Sandor Clegane -- The Hound","Die","Die","Correct","basta~w"
"630","Sandor Clegane -- The Hound","Live","Die","Incorrect","katie~gan619"
"631","Sandor Clegane -- The Hound","Live","Die","Incorrect","olivi~27"
"632","Sandor Clegane -- The Hound","Live","Die","Incorrect","emma.~los"
"633","Sandor Clegane -- The Hound","Die","Die","Correct","algal~ "
"634","Sandor Clegane -- The Hound","Live","Die","Incorrect","libas~   "
"635","Sandor Clegane -- The Hound","Die","Die","Correct","alexs~"
"636","Sandor Clegane -- The Hound","Live","Die","Incorrect","blibu~ "
"637","Sandor Clegane -- The Hound","Die","Die","Correct","aamer~er"
"638","Sandor Clegane -- The Hound","Live","Die","Incorrect","mikaw~ein"
"639","Sandor Clegane -- The Hound","Live","Die","Incorrect","keena"
"640","Sandor Clegane -- The Hound","Live","Die","Incorrect","josie~ey1"
"641","Sandor Clegane -- The Hound","Die","Die","Correct","gandh~thari"
"642","Sandor Clegane -- The Hound","Live","Die","Incorrect","paul.~bett"
"643","Sandor Clegane -- The Hound","Die","Die","Correct","chand~ner"
"644","Sandor Clegane -- The Hound","Die","Die","Correct","augus~ren"
"645","Sandor Clegane -- The Hound","Die","Die","Correct","brwin~ "
"646","Sandor Clegane -- The Hound","Live","Die","Incorrect","tomfl~c"
"647","Sandor Clegane -- The Hound","Die","Die","Correct","alici~harmon00"
"648","Sandor Clegane -- The Hound","Die","Die","Correct","lo955~ "
"649","Sandor Clegane -- The Hound","Die","Die","Correct","alexa~payne7015"
"650","Sandor Clegane -- The Hound","Die","Die","Correct","mahka~  "
"651","Sandor Clegane -- The Hound","Die","Die","Correct","mjsch~ski"
"652","Sandor Clegane -- The Hound","Die","Die","Correct","jason~ "
"653","Sandor Clegane -- The Hound","Die","Die","Correct","jesse~ff"
"654","Sandor Clegane -- The Hound","Die","Die","Correct","emily~ephenson"
"655","Sandor Clegane -- The Hound","Die","Die","Correct","austi~an"
"656","Sandor Clegane -- The Hound","Live","Die","Incorrect","bartj~nharris"
"657","Sandor Clegane -- The Hound","Live","Die","Incorrect","bjean~"
"658","Sandor Clegane -- The Hound","Live","Die","Incorrect","nmcal~r92"
"659","Sandor Clegane -- The Hound","Die","Die","Correct","cmack~876"
"660","Sandor Clegane -- The Hound","Die","Die","Correct","lpp27"
"661","Gendry","Live","Live","Correct","carol~hen"
"662","Gendry","Live","Live","Correct","seanm~"
"663","Gendry","Live","Live","Correct","jasmi~derwood"
"664","Gendry","Die","Live","Incorrect","higgi~"
"665","Gendry","Live","Live","Correct","miket~psu"
"666","Gendry","Live","Live","Correct","tappa~ker7"
"667","Gendry","Live","Live","Correct","emily"
"668","Gendry","Live","Live","Correct","sheae~  "
"669","Gendry","Die","Live","Incorrect","smyet~"
"670","Gendry","Live","Live","Correct","jade.~per"
"671","Gendry","Live","Live","Correct","mayro~"
"672","Gendry","Live","Live","Correct","barnh~"
"673","Gendry","Die","Live","Incorrect","basta~w"
"674","Gendry","Live","Live","Correct","katie~gan619"
"675","Gendry","Live","Live","Correct","olivi~27"
"676","Gendry","Live","Live","Correct","emma.~los"
"677","Gendry","Die","Live","Incorrect","algal~ "
"678","Gendry","Live","Live","Correct","libas~   "
"679","Gendry","Live","Live","Correct","alexs~"
"680","Gendry","Live","Live","Correct","blibu~ "
"681","Gendry","Live","Live","Correct","aamer~er"
"682","Gendry","Live","Live","Correct","mikaw~ein"
"683","Gendry","Live","Live","Correct","keena"
"684","Gendry","Live","Live","Correct","josie~ey1"
"685","Gendry","Die","Live","Incorrect","gandh~thari"
"686","Gendry","Live","Live","Correct","paul.~bett"
"687","Gendry","Die","Live","Incorrect","chand~ner"
"688","Gendry","Live","Live","Correct","augus~ren"
"689","Gendry","Die","Live","Incorrect","brwin~ "
"690","Gendry","Live","Live","Correct","tomfl~c"
"691","Gendry","Die","Live","Incorrect","alici~harmon00"
"692","Gendry","Live","Live","Correct","lo955~ "
"693","Gendry","Live","Live","Correct","alexa~payne7015"
"694","Gendry","Live","Live","Correct","mahka~  "
"695","Gendry","Live","Live","Correct","mjsch~ski"
"696","Gendry","Live","Live","Correct","jason~ "
"697","Gendry","Live","Live","Correct","jesse~ff"
"698","Gendry","Live","Live","Correct","emily~ephenson"
"699","Gendry","Live","Live","Correct","austi~an"
"700","Gendry","Live","Live","Correct","bartj~nharris"
"701","Gendry","Live","Live","Correct","bjean~"
"702","Gendry","Die","Live","Incorrect","nmcal~r92"
"703","Gendry","Live","Live","Correct","cmack~876"
"704","Gendry","Live","Live","Correct","lpp27"
"705","Lord Varys","Live","Die","Incorrect","carol~hen"
"706","Lord Varys","Die","Die","Correct","seanm~"
"707","Lord Varys","Die","Die","Correct","jasmi~derwood"
"708","Lord Varys","Live","Die","Incorrect","higgi~"
"709","Lord Varys","Die","Die","Correct","miket~psu"
"710","Lord Varys","Live","Die","Incorrect","tappa~ker7"
"711","Lord Varys","Live","Die","Incorrect","emily"
"712","Lord Varys","Live","Die","Incorrect","sheae~  "
"713","Lord Varys","Die","Die","Correct","smyet~"
"714","Lord Varys","Die","Die","Correct","jade.~per"
"715","Lord Varys","Live","Die","Incorrect","mayro~"
"716","Lord Varys","Live","Die","Incorrect","barnh~"
"717","Lord Varys","Die","Die","Correct","basta~w"
"718","Lord Varys","Die","Die","Correct","katie~gan619"
"719","Lord Varys","Live","Die","Incorrect","olivi~27"
"720","Lord Varys","Live","Die","Incorrect","emma.~los"
"721","Lord Varys","Die","Die","Correct","algal~ "
"722","Lord Varys","Live","Die","Incorrect","libas~   "
"723","Lord Varys","Die","Die","Correct","alexs~"
"724","Lord Varys","Die","Die","Correct","blibu~ "
"725","Lord Varys","Die","Die","Correct","aamer~er"
"726","Lord Varys","Live","Die","Incorrect","mikaw~ein"
"727","Lord Varys","Die","Die","Correct","keena"
"728","Lord Varys","Live","Die","Incorrect","josie~ey1"
"729","Lord Varys","Live","Die","Incorrect","gandh~thari"
"730","Lord Varys","Live","Die","Incorrect","paul.~bett"
"731","Lord Varys","Live","Die","Incorrect","chand~ner"
"732","Lord Varys","Die","Die","Correct","augus~ren"
"733","Lord Varys","Die","Die","Correct","brwin~ "
"734","Lord Varys","Die","Die","Correct","tomfl~c"
"735","Lord Varys","Live","Die","Incorrect","alici~harmon00"
"736","Lord Varys","Live","Die","Incorrect","lo955~ "
"737","Lord Varys","Die","Die","Correct","alexa~payne7015"
"738","Lord Varys","Die","Die","Correct","mahka~  "
"739","Lord Varys","Live","Die","Incorrect","mjsch~ski"
"740","Lord Varys","Live","Die","Incorrect","jason~ "
"741","Lord Varys","Live","Die","Incorrect","jesse~ff"
"742","Lord Varys","Die","Die","Correct","emily~ephenson"
"743","Lord Varys","Die","Die","Correct","austi~an"
"744","Lord Varys","Live","Die","Incorrect","bartj~nharris"
"745","Lord Varys","Live","Die","Incorrect","bjean~"
"746","Lord Varys","Die","Die","Correct","nmcal~r92"
"747","Lord Varys","Live","Die","Incorrect","cmack~876"
"748","Lord Varys","Die","Die","Correct","lpp27"
"749","Drogon","Live","Live","Correct","carol~hen"
"750","Drogon","Live","Live","Correct","seanm~"
"751","Drogon","Die","Live","Incorrect","jasmi~derwood"
"752","Drogon","Die","Live","Incorrect","higgi~"
"753","Drogon","Die","Live","Incorrect","miket~psu"
"754","Drogon","Live","Live","Correct","tappa~ker7"
"755","Drogon","Live","Live","Correct","emily"
"756","Drogon","Die","Live","Incorrect","sheae~  "
"757","Drogon","Die","Live","Incorrect","smyet~"
"758","Drogon","Live","Live","Correct","jade.~per"
"759","Drogon","Live","Live","Correct","mayro~"
"760","Drogon","Live","Live","Correct","barnh~"
"761","Drogon","Live","Live","Correct","basta~w"
"762","Drogon","Live","Live","Correct","katie~gan619"
"763","Drogon","Live","Live","Correct","olivi~27"
"764","Drogon","Die","Live","Incorrect","emma.~los"
"765","Drogon","Live","Live","Correct","algal~ "
"766","Drogon","Die","Live","Incorrect","libas~   "
"767","Drogon","Live","Live","Correct","alexs~"
"768","Drogon","Live","Live","Correct","blibu~ "
"769","Drogon","Die","Live","Incorrect","aamer~er"
"770","Drogon","Die","Live","Incorrect","mikaw~ein"
"771","Drogon","Live","Live","Correct","keena"
"772","Drogon","Die","Live","Incorrect","josie~ey1"
"773","Drogon","Live","Live","Correct","gandh~thari"
"774","Drogon","Die","Live","Incorrect","paul.~bett"
"775","Drogon","Die","Live","Incorrect","chand~ner"
"776","Drogon","Live","Live","Correct","augus~ren"
"777","Drogon","Die","Live","Incorrect","brwin~ "
"778","Drogon","Live","Live","Correct","tomfl~c"
"779","Drogon","Live","Live","Correct","alici~harmon00"
"780","Drogon","Die","Live","Incorrect","lo955~ "
"781","Drogon","Live","Live","Correct","alexa~payne7015"
"782","Drogon","Die","Live","Incorrect","mahka~  "
"783","Drogon","Live","Live","Correct","mjsch~ski"
"784","Drogon","Live","Live","Correct","jason~ "
"785","Drogon","Live","Live","Correct","jesse~ff"
"786","Drogon","Die","Live","Incorrect","emily~ephenson"
"787","Drogon","Die","Live","Incorrect","austi~an"
"788","Drogon","Live","Live","Correct","bartj~nharris"
"789","Drogon","Live","Live","Correct","bjean~"
"790","Drogon","Live","Live","Correct","nmcal~r92"
"791","Drogon","Live","Live","Correct","cmack~876"
"792","Drogon","Live","Live","Correct","lpp27"
"793","Cersei Lannister","Die","Die","Correct","carol~hen"
"794","Cersei Lannister","Die","Die","Correct","seanm~"
"795","Cersei Lannister","Die","Die","Correct","jasmi~derwood"
"796","Cersei Lannister","Die","Die","Correct","higgi~"
"797","Cersei Lannister","Die","Die","Correct","miket~psu"
"798","Cersei Lannister","Die","Die","Correct","tappa~ker7"
"799","Cersei Lannister","Die","Die","Correct","emily"
"800","Cersei Lannister","Live","Die","Incorrect","sheae~  "
"801","Cersei Lannister","Die","Die","Correct","smyet~"
"802","Cersei Lannister","Die","Die","Correct","jade.~per"
"803","Cersei Lannister","Die","Die","Correct","mayro~"
"804","Cersei Lannister","Die","Die","Correct","barnh~"
"805","Cersei Lannister","Die","Die","Correct","basta~w"
"806","Cersei Lannister","Die","Die","Correct","katie~gan619"
"807","Cersei Lannister","Die","Die","Correct","olivi~27"
"808","Cersei Lannister","Die","Die","Correct","emma.~los"
"809","Cersei Lannister","Die","Die","Correct","algal~ "
"810","Cersei Lannister","Die","Die","Correct","libas~   "
"811","Cersei Lannister","Die","Die","Correct","alexs~"
"812","Cersei Lannister","Live","Die","Incorrect","blibu~ "
"813","Cersei Lannister","Die","Die","Correct","aamer~er"
"814","Cersei Lannister","Die","Die","Correct","mikaw~ein"
"815","Cersei Lannister","Live","Die","Incorrect","keena"
"816","Cersei Lannister","Die","Die","Correct","josie~ey1"
"817","Cersei Lannister","Live","Die","Incorrect","gandh~thari"
"818","Cersei Lannister","Die","Die","Correct","paul.~bett"
"819","Cersei Lannister","Die","Die","Correct","chand~ner"
"820","Cersei Lannister","Die","Die","Correct","augus~ren"
"821","Cersei Lannister","Die","Die","Correct","brwin~ "
"822","Cersei Lannister","Die","Die","Correct","tomfl~c"
"823","Cersei Lannister","Live","Die","Incorrect","alici~harmon00"
"824","Cersei Lannister","Live","Die","Incorrect","lo955~ "
"825","Cersei Lannister","Die","Die","Correct","alexa~payne7015"
"826","Cersei Lannister","Die","Die","Correct","mahka~  "
"827","Cersei Lannister","Die","Die","Correct","mjsch~ski"
"828","Cersei Lannister","Die","Die","Correct","jason~ "
"829","Cersei Lannister","Live","Die","Incorrect","jesse~ff"
"830","Cersei Lannister","Live","Die","Incorrect","emily~ephenson"
"831","Cersei Lannister","Live","Die","Incorrect","austi~an"
"832","Cersei Lannister","Die","Die","Correct","bartj~nharris"
"833","Cersei Lannister","Die","Die","Correct","bjean~"
"834","Cersei Lannister","Live","Die","Incorrect","nmcal~r92"
"835","Cersei Lannister","Die","Die","Correct","cmack~876"
"836","Cersei Lannister","Die","Die","Correct","lpp27"
"837","Gregor Clegane -- The Mountain","Die","Die","Correct","carol~hen"
"838","Gregor Clegane -- The Mountain","Die","Die","Correct","seanm~"
"839","Gregor Clegane -- The Mountain","Die","Die","Correct","jasmi~derwood"
"840","Gregor Clegane -- The Mountain","Die","Die","Correct","higgi~"
"841","Gregor Clegane -- The Mountain","Die","Die","Correct","miket~psu"
"842","Gregor Clegane -- The Mountain","Die","Die","Correct","tappa~ker7"
"843","Gregor Clegane -- The Mountain","Die","Die","Correct","emily"
"844","Gregor Clegane -- The Mountain","Die","Die","Correct","sheae~  "
"845","Gregor Clegane -- The Mountain","Die","Die","Correct","smyet~"
"846","Gregor Clegane -- The Mountain","Die","Die","Correct","jade.~per"
"847","Gregor Clegane -- The Mountain","Die","Die","Correct","mayro~"
"848","Gregor Clegane -- The Mountain","Die","Die","Correct","barnh~"
"849","Gregor Clegane -- The Mountain","Die","Die","Correct","basta~w"
"850","Gregor Clegane -- The Mountain","Live","Die","Incorrect","katie~gan619"
"851","Gregor Clegane -- The Mountain","Die","Die","Correct","olivi~27"
"852","Gregor Clegane -- The Mountain","Die","Die","Correct","emma.~los"
"853","Gregor Clegane -- The Mountain","Die","Die","Correct","algal~ "
"854","Gregor Clegane -- The Mountain","Die","Die","Correct","libas~   "
"855","Gregor Clegane -- The Mountain","Die","Die","Correct","alexs~"
"856","Gregor Clegane -- The Mountain","Die","Die","Correct","blibu~ "
"857","Gregor Clegane -- The Mountain","Die","Die","Correct","aamer~er"
"858","Gregor Clegane -- The Mountain","Die","Die","Correct","mikaw~ein"
"859","Gregor Clegane -- The Mountain","Live","Die","Incorrect","keena"
"860","Gregor Clegane -- The Mountain","Die","Die","Correct","josie~ey1"
"861","Gregor Clegane -- The Mountain","Live","Die","Incorrect","gandh~thari"
"862","Gregor Clegane -- The Mountain","Die","Die","Correct","paul.~bett"
"863","Gregor Clegane -- The Mountain","Die","Die","Correct","chand~ner"
"864","Gregor Clegane -- The Mountain","Die","Die","Correct","augus~ren"
"865","Gregor Clegane -- The Mountain","Die","Die","Correct","brwin~ "
"866","Gregor Clegane -- The Mountain","Die","Die","Correct","tomfl~c"
"867","Gregor Clegane -- The Mountain","Die","Die","Correct","alici~harmon00"
"868","Gregor Clegane -- The Mountain","Die","Die","Correct","lo955~ "
"869","Gregor Clegane -- The Mountain","Die","Die","Correct","alexa~payne7015"
"870","Gregor Clegane -- The Mountain","Die","Die","Correct","mahka~  "
"871","Gregor Clegane -- The Mountain","Die","Die","Correct","mjsch~ski"
"872","Gregor Clegane -- The Mountain","Die","Die","Correct","jason~ "
"873","Gregor Clegane -- The Mountain","Die","Die","Correct","jesse~ff"
"874","Gregor Clegane -- The Mountain","Die","Die","Correct","emily~ephenson"
"875","Gregor Clegane -- The Mountain","Die","Die","Correct","austi~an"
"876","Gregor Clegane -- The Mountain","Die","Die","Correct","bartj~nharris"
"877","Gregor Clegane -- The Mountain","Live","Die","Incorrect","bjean~"
"878","Gregor Clegane -- The Mountain","Die","Die","Correct","nmcal~r92"
"879","Gregor Clegane -- The Mountain","Die","Die","Correct","cmack~876"
"880","Gregor Clegane -- The Mountain","Live","Die","Incorrect","lpp27"
"881","Qyburn","Die","Die","Correct","carol~hen"
"882","Qyburn","Die","Die","Correct","seanm~"
"883","Qyburn","Die","Die","Correct","jasmi~derwood"
"884","Qyburn","Die","Die","Correct","higgi~"
"885","Qyburn","Die","Die","Correct","miket~psu"
"886","Qyburn","Die","Die","Correct","tappa~ker7"
"887","Qyburn","Die","Die","Correct","emily"
"888","Qyburn","Live","Die","Incorrect","sheae~  "
"889","Qyburn","Die","Die","Correct","smyet~"
"890","Qyburn","Die","Die","Correct","jade.~per"
"891","Qyburn","Die","Die","Correct","mayro~"
"892","Qyburn","Die","Die","Correct","barnh~"
"893","Qyburn","Die","Die","Correct","basta~w"
"894","Qyburn","Die","Die","Correct","katie~gan619"
"895","Qyburn","Live","Die","Incorrect","olivi~27"
"896","Qyburn","Die","Die","Correct","emma.~los"
"897","Qyburn","Die","Die","Correct","algal~ "
"898","Qyburn","Die","Die","Correct","libas~   "
"899","Qyburn","Die","Die","Correct","alexs~"
"900","Qyburn","Live","Die","Incorrect","blibu~ "
"901","Qyburn","Die","Die","Correct","aamer~er"
"902","Qyburn","Die","Die","Correct","mikaw~ein"
"903","Qyburn","Live","Die","Incorrect","keena"
"904","Qyburn","Die","Die","Correct","josie~ey1"
"905","Qyburn","Live","Die","Incorrect","gandh~thari"
"906","Qyburn","Live","Die","Incorrect","paul.~bett"
"907","Qyburn","Live","Die","Incorrect","chand~ner"
"908","Qyburn","Die","Die","Correct","augus~ren"
"909","Qyburn","Die","Die","Correct","brwin~ "
"910","Qyburn","Die","Die","Correct","tomfl~c"
"911","Qyburn","Live","Die","Incorrect","alici~harmon00"
"912","Qyburn","Die","Die","Correct","lo955~ "
"913","Qyburn","Die","Die","Correct","alexa~payne7015"
"914","Qyburn","Live","Die","Incorrect","mahka~  "
"915","Qyburn","Live","Die","Incorrect","mjsch~ski"
"916","Qyburn","Live","Die","Incorrect","jason~ "
"917","Qyburn","Die","Die","Correct","jesse~ff"
"918","Qyburn","Live","Die","Incorrect","emily~ephenson"
"919","Qyburn","Live","Die","Incorrect","austi~an"
"920","Qyburn","Die","Die","Correct","bartj~nharris"
"921","Qyburn","Die","Die","Correct","bjean~"
"922","Qyburn","Die","Die","Correct","nmcal~r92"
"923","Qyburn","Die","Die","Correct","cmack~876"
"924","Qyburn","Live","Die","Incorrect","lpp27"
"925","Euron Greyjoy","Die","Die","Correct","carol~hen"
"926","Euron Greyjoy","Die","Die","Correct","seanm~"
"927","Euron Greyjoy","Die","Die","Correct","jasmi~derwood"
"928","Euron Greyjoy","Die","Die","Correct","higgi~"
"929","Euron Greyjoy","Live","Die","Incorrect","miket~psu"
"930","Euron Greyjoy","Die","Die","Correct","tappa~ker7"
"931","Euron Greyjoy","Die","Die","Correct","emily"
"932","Euron Greyjoy","Live","Die","Incorrect","sheae~  "
"933","Euron Greyjoy","Die","Die","Correct","smyet~"
"934","Euron Greyjoy","Die","Die","Correct","jade.~per"
"935","Euron Greyjoy","Die","Die","Correct","mayro~"
"936","Euron Greyjoy","Die","Die","Correct","barnh~"
"937","Euron Greyjoy","Die","Die","Correct","basta~w"
"938","Euron Greyjoy","Die","Die","Correct","katie~gan619"
"939","Euron Greyjoy","Die","Die","Correct","olivi~27"
"940","Euron Greyjoy","Die","Die","Correct","emma.~los"
"941","Euron Greyjoy","Die","Die","Correct","algal~ "
"942","Euron Greyjoy","Die","Die","Correct","libas~   "
"943","Euron Greyjoy","Die","Die","Correct","alexs~"
"944","Euron Greyjoy","Live","Die","Incorrect","blibu~ "
"945","Euron Greyjoy","Die","Die","Correct","aamer~er"
"946","Euron Greyjoy","Live","Die","Incorrect","mikaw~ein"
"947","Euron Greyjoy","Die","Die","Correct","keena"
"948","Euron Greyjoy","Die","Die","Correct","josie~ey1"
"949","Euron Greyjoy","Live","Die","Incorrect","gandh~thari"
"950","Euron Greyjoy","Die","Die","Correct","paul.~bett"
"951","Euron Greyjoy","Live","Die","Incorrect","chand~ner"
"952","Euron Greyjoy","Die","Die","Correct","augus~ren"
"953","Euron Greyjoy","Die","Die","Correct","brwin~ "
"954","Euron Greyjoy","Die","Die","Correct","tomfl~c"
"955","Euron Greyjoy","Die","Die","Correct","alici~harmon00"
"956","Euron Greyjoy","Die","Die","Correct","lo955~ "
"957","Euron Greyjoy","Die","Die","Correct","alexa~payne7015"
"958","Euron Greyjoy","Die","Die","Correct","mahka~  "
"959","Euron Greyjoy","Die","Die","Correct","mjsch~ski"
"960","Euron Greyjoy","Die","Die","Correct","jason~ "
"961","Euron Greyjoy","Die","Die","Correct","jesse~ff"
"962","Euron Greyjoy","Live","Die","Incorrect","emily~ephenson"
"963","Euron Greyjoy","Die","Die","Correct","austi~an"
"964","Euron Greyjoy","Die","Die","Correct","bartj~nharris"
"965","Euron Greyjoy","Die","Die","Correct","bjean~"
"966","Euron Greyjoy","Die","Die","Correct","nmcal~r92"
"967","Euron Greyjoy","Die","Die","Correct","cmack~876"
"968","Euron Greyjoy","Die","Die","Correct","lpp27"
"969","Bronn","Live","Live","Correct","carol~hen"
"970","Bronn","Live","Live","Correct","seanm~"
"971","Bronn","Live","Live","Correct","jasmi~derwood"
"972","Bronn","Die","Live","Incorrect","higgi~"
"973","Bronn","Live","Live","Correct","miket~psu"
"974","Bronn","Live","Live","Correct","tappa~ker7"
"975","Bronn","Die","Live","Incorrect","emily"
"976","Bronn","Live","Live","Correct","sheae~  "
"977","Bronn","Live","Live","Correct","smyet~"
"978","Bronn","Live","Live","Correct","jade.~per"
"979","Bronn","Live","Live","Correct","mayro~"
"980","Bronn","Die","Live","Incorrect","barnh~"
"981","Bronn","Die","Live","Incorrect","basta~w"
"982","Bronn","Die","Live","Incorrect","katie~gan619"
"983","Bronn","Live","Live","Correct","olivi~27"
"984","Bronn","Live","Live","Correct","emma.~los"
"985","Bronn","Live","Live","Correct","algal~ "
"986","Bronn","Live","Live","Correct","libas~   "
"987","Bronn","Live","Live","Correct","alexs~"
"988","Bronn","Live","Live","Correct","blibu~ "
"989","Bronn","Live","Live","Correct","aamer~er"
"990","Bronn","Live","Live","Correct","mikaw~ein"
"991","Bronn","Live","Live","Correct","keena"
"992","Bronn","Live","Live","Correct","josie~ey1"
"993","Bronn","Die","Live","Incorrect","gandh~thari"
"994","Bronn","Live","Live","Correct","paul.~bett"
"995","Bronn","Live","Live","Correct","chand~ner"
"996","Bronn","Die","Live","Incorrect","augus~ren"
"997","Bronn","Live","Live","Correct","brwin~ "
"998","Bronn","Live","Live","Correct","tomfl~c"
"999","Bronn","Live","Live","Correct","alici~harmon00"
"1000","Bronn","Live","Live","Correct","lo955~ "
"1001","Bronn","Live","Live","Correct","alexa~payne7015"
"1002","Bronn","Live","Live","Correct","mahka~  "
"1003","Bronn","Die","Live","Incorrect","mjsch~ski"
"1004","Bronn","Live","Live","Correct","jason~ "
"1005","Bronn","Live","Live","Correct","jesse~ff"
"1006","Bronn","Live","Live","Correct","emily~ephenson"
"1007","Bronn","Die","Live","Incorrect","austi~an"
"1008","Bronn","Live","Live","Correct","bartj~nharris"
"1009","Bronn","Live","Live","Correct","bjean~"
"1010","Bronn","Die","Live","Incorrect","nmcal~r92"
"1011","Bronn","Live","Live","Correct","cmack~876"
"1012","Bronn","Live","Live","Correct","lpp27"
"1013","Yara Greyjoy","Live","Live","Correct","carol~hen"
"1014","Yara Greyjoy","Live","Live","Correct","seanm~"
"1015","Yara Greyjoy","Live","Live","Correct","jasmi~derwood"
"1016","Yara Greyjoy","Live","Live","Correct","higgi~"
"1017","Yara Greyjoy","Live","Live","Correct","miket~psu"
"1018","Yara Greyjoy","Live","Live","Correct","tappa~ker7"
"1019","Yara Greyjoy","Live","Live","Correct","emily"
"1020","Yara Greyjoy","Live","Live","Correct","sheae~  "
"1021","Yara Greyjoy","Live","Live","Correct","smyet~"
"1022","Yara Greyjoy","Live","Live","Correct","jade.~per"
"1023","Yara Greyjoy","Live","Live","Correct","mayro~"
"1024","Yara Greyjoy","Live","Live","Correct","barnh~"
"1025","Yara Greyjoy","Live","Live","Correct","basta~w"
"1026","Yara Greyjoy","Live","Live","Correct","katie~gan619"
"1027","Yara Greyjoy","Live","Live","Correct","olivi~27"
"1028","Yara Greyjoy","Live","Live","Correct","emma.~los"
"1029","Yara Greyjoy","Live","Live","Correct","algal~ "
"1030","Yara Greyjoy","Live","Live","Correct","libas~   "
"1031","Yara Greyjoy","Die","Live","Incorrect","alexs~"
"1032","Yara Greyjoy","Live","Live","Correct","blibu~ "
"1033","Yara Greyjoy","Live","Live","Correct","aamer~er"
"1034","Yara Greyjoy","Live","Live","Correct","mikaw~ein"
"1035","Yara Greyjoy","Live","Live","Correct","keena"
"1036","Yara Greyjoy","Live","Live","Correct","josie~ey1"
"1037","Yara Greyjoy","Die","Live","Incorrect","gandh~thari"
"1038","Yara Greyjoy","Die","Live","Incorrect","paul.~bett"
"1039","Yara Greyjoy","Live","Live","Correct","chand~ner"
"1040","Yara Greyjoy","Live","Live","Correct","augus~ren"
"1041","Yara Greyjoy","Live","Live","Correct","brwin~ "
"1042","Yara Greyjoy","Live","Live","Correct","tomfl~c"
"1043","Yara Greyjoy","Die","Live","Incorrect","alici~harmon00"
"1044","Yara Greyjoy","Live","Live","Correct","lo955~ "
"1045","Yara Greyjoy","Live","Live","Correct","alexa~payne7015"
"1046","Yara Greyjoy","Live","Live","Correct","mahka~  "
"1047","Yara Greyjoy","Live","Live","Correct","mjsch~ski"
"1048","Yara Greyjoy","Live","Live","Correct","jason~ "
"1049","Yara Greyjoy","Live","Live","Correct","jesse~ff"
"1050","Yara Greyjoy","Live","Live","Correct","emily~ephenson"
"1051","Yara Greyjoy","Live","Live","Correct","austi~an"
"1052","Yara Greyjoy","Live","Live","Correct","bartj~nharris"
"1053","Yara Greyjoy","Die","Live","Incorrect","bjean~"
"1054","Yara Greyjoy","Live","Live","Correct","nmcal~r92"
"1055","Yara Greyjoy","Live","Live","Correct","cmack~876"
"1056","Yara Greyjoy","Live","Live","Correct","lpp27"
